trip_id,distance_km,duration_min,demand_level,passengers,vehicle_type,fare
T001,2.5,10,LOW,1,AUTO,55
T002,4.0,16,NORMAL,1,AUTO,82
T003,6.5,24,HIGH,2,AUTO,145
T004,3.0,12,LOW,2,CAR,92
T005,5.0,20,NORMAL,2,CAR,145
T006,8.0,30,HIGH,3,CAR,260
T007,10.0,35,LOW,1,CAR,210
T008,12.0,42,NORMAL,3,CAR,295
T009,15.0,50,HIGH,4,CAR,440
T010,7.0,25,LOW,2,SUV,195
T011,9.0,32,NORMAL,4,SUV,285
T012,14.0,48,HIGH,5,SUV,470
T013,18.0,60,LOW,3,SUV,420
T014,20.0,65,NORMAL,5,SUV,535
T015,25.0,80,HIGH,6,SUV,790
T016,1.5,8,NORMAL,1,AUTO,48
T017,5.5,22,LOW,1,AUTO,99
T018,11.0,38,HIGH,2,CAR,350
T019,16.0,55,NORMAL,4,CAR,375
T020,22.0,72,LOW,4,SUV,610
T021,13.0,45,LOW,2,CAR,270
T022,3.5,14,HIGH,1,AUTO,100
T023,17.0,58,NORMAL,3,SUV,445
T024,24.0,78,NORMAL,6,SUV,690
T025,3.0,12,NORMAL,1,BIKE,48
T026,8.0,28,HIGH,1,BIKE,118
T027,12.0,40,LOW,1,BIKE,155
